Приоритет;Скор, %;Почему;Бренды;Брендов;Точек конкурентов;Ozon;WB;ЯМ;Адрес;Район;Ближайший пункт;Широта;Долгота;Координаты для карт;Ссылка на карту;Только Яндекс Карты;Ближайший ПВЗ Uzum, м;ПВЗ Uzum 1км;Зона клетки Uzum;Рекомендуемая зона в 300м;Данные конкурентов от
1;60;"3 бренда (Ozon, Wildberries, Яндекс Маркет), 3 точки; ближайший Uzum в 313 м";Ozon, Wildberries, Яндекс Маркет;3;3;1;1;1;Чиланзар, 12-й кв-л, 1;Учтепинский район;Чиланзар-12;41.282528;69.191392;41.282528, 69.191392;https://www.google.com/maps?q=41.282528,69.191392;нет;313;11;запретная;да: 106 м;2026-09-28
2;60;"1 бренд (Wildberries), 1 точка; ближайший Uzum в 1613 м";Wildberries;1;1;0;1;0;Узбекистан, Ташкент, г. Ташкент, Бектемирский р-н, Бектемир Заргар cадово-виноградарное товарищество, 65;Бектемирский район;Ходжа 1;41.210898;69.295558;41.210898, 69.295558;https://www.google.com/maps?q=41.210898,69.295558;нет;1613;0;рекомендуемая;да: 0 м;2026-09-28
3;57;"2 бренда (Ozon, Wildberries), 2 точки; ближайший Uzum в 618 м; точки только из Яндекс Карт — проверить";Ozon, Wildberries;2;2;1;1;0;Ташкент, улица Уста-Алима, 95;Алмазарский район;Чилтуган махалля;41.348045;69.257784;41.348045, 69.257784;https://www.google.com/maps?q=41.348045,69.257784;да;618;4;белая;да: 259 м;2026-09-28
4;53;"2 бренда (Ozon, Wildberries), 2 точки; ближайший Uzum в 514 м";Ozon, Wildberries;2;2;1;1;0;Ташкент, Мукими ул., 108;Чиланзарский район;Чиланзар махалля;41.288121;69.230209;41.288121, 69.230209;https://www.google.com/maps?q=41.288121,69.230209;нет;514;5;запретная;да: 132 м;2026-09-28
5;51;"2 бренда (Ozon, Яндекс Маркет), 2 точки; ближайший Uzum в 450 м";Ozon, Яндекс Маркет;2;2;1;0;1;Ташкент, Малая кольцевая дор., 77-1ф;Алмазарский район;Каракамыш 1/1;41.348622;69.234691;41.348622, 69.234691;https://www.google.com/maps?q=41.348622,69.234691;нет;450;6;рекомендуемая;да: 0 м;2026-09-28
6;49;"2 бренда (Ozon, Wildberries), 2 точки; ближайший Uzum в 396 м";Ozon, Wildberries;2;2;1;1;0;Ташкент, 14-й кв-л, 14А;Юнусабадский район;Юнусабад-14;41.37426;69.301552;41.374260, 69.301552;https://www.google.com/maps?q=41.374260,69.301552;нет;396;9;запретная;да: 236 м;2026-09-28
7;48;"2 бренда (Wildberries, Яндекс Маркет), 2 точки; ближайший Uzum в 365 м; точки только из Яндекс Карт — проверить";Wildberries, Яндекс Маркет;2;2;0;1;1;Ташкент, Чиланзарский район, микрорайон Алмазар, 7;Чиланзарский район;Алмазар массив;41.310336;69.243451;41.310336, 69.243451;https://www.google.com/maps?q=41.310336,69.243451;да;365;7;рекомендуемая;да: 0 м;2026-09-28
8;48;"2 бренда (Wildberries, Яндекс Маркет), 2 точки; ближайший Uzum в 348 м";Wildberries, Яндекс Маркет;2;2;0;1;1;Узбекистан, Ташкент, г. Ташкент, Учтепинский р-н, 23-й кв-л, 17;Учтепинский район;Чиланзар-23;41.285609;69.176328;41.285609, 69.176328;https://www.google.com/maps?q=41.285609,69.176328;нет;348;9;запретная;нет;2026-09-28
9;47;"2 бренда (Ozon, Wildberries), 2 точки; ближайший Uzum в 334 м";Ozon, Wildberries;2;2;1;1;0;массив Юнусабад, 13-й кв-л, 45;Юнусабадский район;Юнусабад 13-й квартал;41.367757;69.302626;41.367757, 69.302626;https://www.google.com/maps?q=41.367757,69.302626;нет;334;9;рекомендуемая;да: 0 м;2026-09-28
10;47;"2 бренда (Wildberries, Яндекс Маркет), 2 точки; ближайший Uzum в 318 м";Wildberries, Яндекс Маркет;2;2;0;1;1;Ташкент, улица Авиасозлар 9;Яшнободский район;Авиасозлар (Лисунова);41.289469;69.344074;41.289469, 69.344074;https://www.google.com/maps?q=41.289469,69.344074;нет;318;12;запретная;нет;2026-09-28
11;46;"2 бренда (Ozon, Wildberries), 2 точки; ближайший Uzum в 315 м";Ozon, Wildberries;2;2;1;1;0;массив Куйлюк, 6-й кв-л, 5а;;Куйлюк-6;41.245046;69.290358;41.245046, 69.290358;https://www.google.com/maps?q=41.245046,69.290358;нет;315;4;запретная;да: 94 м;2026-09-28
12;37;"1 бренд (Wildberries), 1 точка; ближайший Uzum в 801 м; точки только из Яндекс Карт — проверить";Wildberries;1;1;0;1;0;Ташкент, Сергелийский район, махаллинский сход граждан Дарёбуйи;;Старые Сергели;41.208913;69.256599;41.208913, 69.256599;https://www.google.com/maps?q=41.208913,69.256599;да;801;2;белая;нет;2026-09-28
13;36;"1 бренд (Wildberries), 1 точка; ближайший Uzum в 788 м";Wildberries;1;1;0;1;0;Узбекистан, Ташкентская обл., нп. Ташкент, Новый Ташкентский р-н, Sihatgoh ko'chasi, 16;;Ахмад Яссави;41.184703;69.440258;41.184703, 69.440258;https://www.google.com/maps?q=41.184703,69.440258;нет;788;1;рекомендуемая;да: 0 м;2026-09-28
14;35;"1 бренд (Яндекс Маркет), 1 точка; ближайший Uzum в 764 м; точки только из Яндекс Карт — проверить";Яндекс Маркет;1;1;0;0;1;Ташкентская область, Ташкент, улица Хусейна Байкары, 35B;Бектемирский район;Сувсоз-2 (Водник);41.255216;69.374576;41.255216, 69.374576;https://www.google.com/maps?q=41.255216,69.374576;да;764;1;запретная;да: 139 м;2026-09-28
15;35;"1 бренд (Wildberries), 1 точка; ближайший Uzum в 751 м";Wildberries;1;1;0;1;0;Узбекистан, Ташкент, г. Ташкент, ул. Олтинводий, 11;;Венгерская;41.260607;69.249556;41.260607, 69.249556;https://www.google.com/maps?q=41.260607,69.249556;нет;751;2;запретная;да: 213 м;2026-09-28
16;35;"1 бренд (Wildberries), 1 точка; ближайший Uzum в 737 м";Wildberries;1;1;0;1;0;Узбекистан, Ташкент, г. Ташкент, 2-й пр-д Боситхон, 32;Учтепинский район;Урикзар;41.286849;69.143169;41.286849, 69.143169;https://www.google.com/maps?q=41.286849,69.143169;нет;737;1;белая;нет;2026-09-28
17;34;"1 бренд (Wildberries), 1 точка; ближайший Uzum в 732 м";Wildberries;1;1;0;1;0;Узбекистан, Ташкент, г. Ташкент, Сергелийский р-н, ул. Кумарык, 32;;Кумарык махалля;41.249946;69.256959;41.249946, 69.256959;https://www.google.com/maps?q=41.249946,69.256959;нет;732;1;рекомендуемая;да: 0 м;2026-09-28
18;34;"1 бренд (Wildberries), 1 точка; ближайший Uzum в 712 м";Wildberries;1;1;0;1;0;Ташкент, массив Сувсоз-2 29;Бектемирский район;Сувсоз-2 (Водник);41.254455;69.376133;41.254455, 69.376133;https://www.google.com/maps?q=41.254455,69.376133;нет;712;1;рекомендуемая;да: 0 м;2026-09-28
19;34;"1 бренд (Яндекс Маркет), 1 точка; ближайший Uzum в 708 м; точки только из Яндекс Карт — проверить";Яндекс Маркет;1;1;0;0;1;Ташкент, Ташкент, улица Фараби, 28;Алмазарский район;Вузгородок;41.346828;69.205709;41.346828, 69.205709;https://www.google.com/maps?q=41.346828,69.205709;да;708;6;белая;да: 66 м;2026-09-28
20;33;"1 бренд (Wildberries), 1 точка; ближайший Uzum в 699 м";Wildberries;1;1;0;1;0;Узбекистан, Ташкент, г. Ташкент, ул. Алишера Навои, 26;;Хадра (Ц-14);41.321559;69.253536;41.321559, 69.253536;https://www.google.com/maps?q=41.321559,69.253536;нет;699;5;рекомендуемая;да: 0 м;2026-09-28
21;32;"1 бренд (Wildberries), 1 точка; ближайший Uzum в 664 м";Wildberries;1;1;0;1;0;Узбекистан, Ташкент, г. Ташкент, ул. Чаштепа, 31;;"ЖК ""Домбрабад Тауерс""";41.248641;69.210115;41.248641, 69.210115;https://www.google.com/maps?q=41.248641,69.210115;нет;664;2;рекомендуемая;да: 0 м;2026-09-28
22;31;"1 бренд (Wildberries), 1 точка; ближайший Uzum в 622 м; точки только из Яндекс Карт — проверить";Wildberries;1;1;0;1;0;Ташкент,   15;Алмазарский район;Чукурсай;41.369273;69.230796;41.369273, 69.230796;https://www.google.com/maps?q=41.369273,69.230796;да;622;4;белая;да: 77 м;2026-09-28
23;31;"1 бренд (Wildberries), 1 точка; ближайший Uzum в 620 м";Wildberries;1;1;0;1;0;Узбекистан, Ташкент, г. Ташкент, ул. Катта Янгиабад, 7;Яшнободский район;Надыра махалля;41.27502;69.350781;41.275020, 69.350781;https://www.google.com/maps?q=41.275020,69.350781;нет;620;5;белая;нет;2026-09-28
24;30;"1 бренд (Wildberries), 1 точка; ближайший Uzum в 603 м";Wildberries;1;1;0;1;0;Узбекистан, Ташкент, г. Ташкент, 4-й пр-д Мингурик, 3;Юнусабадский район;Атчапар-1 махалля;41.342982;69.300478;41.342982, 69.300478;https://www.google.com/maps?q=41.342982,69.300478;нет;603;1;рекомендуемая;да: 0 м;2026-09-28
25;30;"1 бренд (Ozon), 1 точка; ближайший Uzum в 586 м";Ozon;1;1;1;0;0;Ташкент, Иззат ул., 58/4;Яшнободский район;Хосиятли махалля;41.272995;69.340649;41.272995, 69.340649;https://www.google.com/maps?q=41.272995,69.340649;нет;586;2;запретная;нет;2026-09-28
26;29;"1 бренд (Ozon), 1 точка; ближайший Uzum в 579 м";Ozon;1;1;1;0;0;Ташкент, Туркистан ул., 12;Мирабадский район;Айбек;41.292276;69.285268;41.292276, 69.285268;https://www.google.com/maps?q=41.292276,69.285268;нет;579;5;рекомендуемая;да: 0 м;2026-09-28
27;25;"1 бренд (Яндекс Маркет), 1 точка; ближайший Uzum в 443 м; точки только из Яндекс Карт — проверить";Яндекс Маркет;1;1;0;0;1;Ташкентская область, Янгихаётский район, Ташкент, квартал Г64, 123;Янгихаётский район;Сергели-9А;41.209344;69.200083;41.209344, 69.200083;https://www.google.com/maps?q=41.209344,69.200083;да;443;5;белая;да: 64 м;2026-09-28
28;25;"1 бренд (Яндекс Маркет), 1 точка; ближайший Uzum в 436 м; точки только из Яндекс Карт — проверить";Яндекс Маркет;1;1;0;0;1;Ташкентская область, Яшнободский район, Ташкент, массив Городок Авиастроителей, 1-й квартал, 1;Яшнободский район;Бирлашган махалля;41.290617;69.355688;41.290617, 69.355688;https://www.google.com/maps?q=41.290617,69.355688;да;436;9;запретная;да: 291 м;2026-09-28
29;24;"1 бренд (Яндекс Маркет), 1 точка; ближайший Uzum в 435 м; точки только из Яндекс Карт — проверить";Яндекс Маркет;1;1;0;0;1;Ташкент, проспект Амира Темура, 51;Мирабадский район;Айбек;41.296327;69.287202;41.296327, 69.287202;https://www.google.com/maps?q=41.296327,69.287202;да;435;3;рекомендуемая;да: 0 м;2026-09-28
30;24;"1 бренд (Wildberries), 1 точка; ближайший Uzum в 434 м";Wildberries;1;1;0;1;0;Узбекистан, Ташкент, г. Ташкент, Шайхантахурский р-н, ул. Жаханаро, 1;;Зафарабад махалля;41.34016;69.199088;41.340160, 69.199088;https://www.google.com/maps?q=41.340160,69.199088;нет;434;5;белая;да: 164 м;2026-09-28
31;24;"1 бренд (Wildberries), 1 точка; ближайший Uzum в 434 м";Wildberries;1;1;0;1;0;Узбекистан, Ташкент, г. Ташкент, ул. Эльбека, 26;Яшнободский район;Куксарай махалля;41.295637;69.331536;41.295637, 69.331536;https://www.google.com/maps?q=41.295637,69.331536;нет;434;5;рекомендуемая;да: 0 м;2026-09-28
32;24;"1 бренд (Wildberries), 1 точка; ближайший Uzum в 430 м";Wildberries;1;1;0;1;0;Узбекистан, Ташкент, г. Ташкент, ул. Олтин Топган, 10;Бектемирский район;Бектемир;41.228417;69.328615;41.228417, 69.328615;https://www.google.com/maps?q=41.228417,69.328615;нет;430;4;рекомендуемая;да: 0 м;2026-09-28
33;24;"1 бренд (Wildberries), 1 точка; ближайший Uzum в 429 м";Wildberries;1;1;0;1;0;Ташкент,   51;Мирзо Улугбекский район;ТТЗ-2;41.357678;69.383498;41.357678, 69.383498;https://www.google.com/maps?q=41.357678,69.383498;нет;429;5;запретная;нет;2026-09-28
34;24;"1 бренд (Wildberries), 1 точка; ближайший Uzum в 429 м";Wildberries;1;1;0;1;0;Узбекистан, Ташкент, г. Ташкент, 1-я ул. Каракамыш, 11;Алмазарский район;Каракамыш 2/3;41.370139;69.215407;41.370139, 69.215407;https://www.google.com/maps?q=41.370139,69.215407;нет;429;5;рекомендуемая;да: 0 м;2026-09-28
35;24;"1 бренд (Wildberries), 1 точка; ближайший Uzum в 426 м";Wildberries;1;1;0;1;0;Узбекистан, Ташкент, г. Ташкент, Учтепинский р-н, 26-й кв-л, 2;Учтепинский район;Чиланзар-26;41.279926;69.181485;41.279926, 69.181485;https://www.google.com/maps?q=41.279926,69.181485;нет;426;10;рекомендуемая;да: 0 м;2026-09-28
36;24;"1 бренд (Wildberries), 1 точка; ближайший Uzum в 423 м";Wildberries;1;1;0;1;0;Узбекистан, Ташкент, г. Ташкент, Сергелийский р-н, ул. Янги Сергели, 21А;;Сергели-8;41.221246;69.222719;41.221246, 69.222719;https://www.google.com/maps?q=41.221246,69.222719;нет;423;5;рекомендуемая;да: 0 м;2026-09-28
37;24;"1 бренд (Wildberries), 1 точка; ближайший Uzum в 419 м";Wildberries;1;1;0;1;0;Узбекистан, Ташкент, г. Ташкент, ул. Абдурауфа Фитрата, 28;Мирабадский район;Ок Уй махалля;41.271606;69.305282;41.271606, 69.305282;https://www.google.com/maps?q=41.271606,69.305282;нет;419;7;запретная;да: 265 м;2026-09-28
38;24;"1 бренд (Яндекс Маркет), 1 точка; ближайший Uzum в 414 м; точки только из Яндекс Карт — проверить";Яндекс Маркет;1;1;0;0;1;Ташкент, Ташкент, 14-й квартал, 67;Юнусабадский район;Юнусабад-14;41.3704;69.303775;41.370400, 69.303775;https://www.google.com/maps?q=41.370400,69.303775;да;414;9;рекомендуемая;да: 0 м;2026-09-28
39;24;"1 бренд (Wildberries), 1 точка; ближайший Uzum в 412 м";Wildberries;1;1;0;1;0;Узбекистан, Ташкент, г. Ташкент, ул. Фурката, 167;Чиланзарский район;Бешагач махалля;41.304152;69.247762;41.304152, 69.247762;https://www.google.com/maps?q=41.304152,69.247762;нет;412;3;запретная;да: 1 м;2026-09-28
40;23;"1 бренд (Wildberries), 1 точка; ближайший Uzum в 404 м";Wildberries;1;1;0;1;0;Узбекистан, Ташкент, г. Ташкент, ул. Мухаммада Юсуфа, 41;Мирзо Улугбекский район;Алмачи махалля;41.320524;69.326745;41.320524, 69.326745;https://www.google.com/maps?q=41.320524,69.326745;нет;404;8;запретная;да: 87 м;2026-09-28
41;23;"1 бренд (Wildberries), 1 точка; ближайший Uzum в 400 м";Wildberries;1;1;0;1;0;Ташкент,   3;Чиланзарский район;Чиланзар-4;41.285129;69.214487;41.285129, 69.214487;https://www.google.com/maps?q=41.285129,69.214487;нет;400;9;запретная;да: 109 м;2026-09-28
42;23;"1 бренд (Яндекс Маркет), 1 точка; ближайший Uzum в 396 м; точки только из Яндекс Карт — проверить";Яндекс Маркет;1;1;0;0;1;Ташкентская область, Ташкент, улица Кушбеги, 14;Яккасарайский район;Дилбулак махалля;41.272864;69.24437;41.272864, 69.244370;https://www.google.com/maps?q=41.272864,69.244370;да;396;5;рекомендуемая;да: 0 м;2026-09-28
43;23;"1 бренд (Wildberries), 1 точка; ближайший Uzum в 393 м";Wildberries;1;1;0;1;0;Узбекистан, Ташкент, г. Ташкент, Учтепинский р-н, 25-й кв-л, 2;Учтепинский район;Чиланзар-25;41.28283;69.169132;41.282830, 69.169132;https://www.google.com/maps?q=41.282830,69.169132;нет;393;8;запретная;нет;2026-09-28
44;23;"1 бренд (Ozon), 1 точка; ближайший Uzum в 392 м";Ozon;1;1;1;0;0;Ташкент, Асака ул., 50-5;Мирзо Улугбекский район;Ирригатор массив;41.315832;69.303838;41.315832, 69.303838;https://www.google.com/maps?q=41.315832,69.303838;нет;392;6;запретная;да: 81 м;2026-09-28
45;23;"1 бренд (Яндекс Маркет), 1 точка; ближайший Uzum в 387 м; точки только из Яндекс Карт — проверить";Яндекс Маркет;1;1;0;0;1;Ташкент, Ташкент, 7-й квартал, 49;Юнусабадский район;Юнусабад-6;41.3711;69.265426;41.371100, 69.265426;https://www.google.com/maps?q=41.371100,69.265426;да;387;2;запретная;нет;2026-09-28
46;23;"1 бренд (Wildberries), 1 точка; ближайший Uzum в 385 м";Wildberries;1;1;0;1;0;г. Ташкент, Ул. Шахрисабз д.7;Юнусабадский район;Алай (Ц-2);41.31665;69.283869;41.316650, 69.283869;https://www.google.com/maps?q=41.316650,69.283869;нет;385;8;белая;нет;2026-09-28
47;23;"1 бренд (Wildberries), 1 точка; ближайший Uzum в 380 м";Wildberries;1;1;0;1;0;Узбекистан, Ташкент, г. Ташкент, Алмазарский р-н, кв-л 1/1, 23;Алмазарский район;Каракамыш 1/1;41.351161;69.23766;41.351161, 69.237660;https://www.google.com/maps?q=41.351161,69.237660;нет;380;6;запретная;да: 13 м;2026-09-28
48;23;"1 бренд (Wildberries), 1 точка; ближайший Uzum в 379 м";Wildberries;1;1;0;1;0;Узбекистан, Ташкент, г. Ташкент, Шайхантахурский р-н, массив Ибн Сина-1, 7;;Абу Али ибн Сино-1;41.334773;69.164872;41.334773, 69.164872;https://www.google.com/maps?q=41.334773,69.164872;нет;379;2;белая;нет;2026-09-28
49;23;"1 бренд (Wildberries), 1 точка; ближайший Uzum в 376 м";Wildberries;1;1;0;1;0;Ташкент, 26-Й Квартал 30;Учтепинский район;Чиланзар-26;41.274511;69.174975;41.274511, 69.174975;https://www.google.com/maps?q=41.274511,69.174975;нет;376;10;запретная;нет;2026-09-28
50;22;"1 бренд (Wildberries), 1 точка; ближайший Uzum в 375 м";Wildberries;1;1;0;1;0;Узбекистан, Ташкент, г. Ташкент, Юнусабадский р-н, 4-й кв-л, 47;Юнусабадский район;Юнусабад-8;41.368767;69.278602;41.368767, 69.278602;https://www.google.com/maps?q=41.368767,69.278602;нет;375;11;запретная;да: 120 м;2026-09-28
51;22;"1 бренд (Яндекс Маркет), 1 точка; ближайший Uzum в 375 м; точки только из Яндекс Карт — проверить";Яндекс Маркет;1;1;0;0;1;Ташкент, Ташкент, массив Караташ, 6;;Эшангузар махалля;41.317051;69.232038;41.317051, 69.232038;https://www.google.com/maps?q=41.317051,69.232038;да;375;6;запретная;да: 35 м;2026-09-28
52;22;"1 бренд (Ozon), 1 точка; ближайший Uzum в 370 м";Ozon;1;1;1;0;0;массив Чиланзар, 14-й кв-л, 25;Учтепинский район;Чиланзар-14;41.297736;69.190829;41.297736, 69.190829;https://www.google.com/maps?q=41.297736,69.190829;нет;370;5;белая;нет;2026-09-28
53;22;"1 бренд (Wildberries), 1 точка; ближайший Uzum в 365 м";Wildberries;1;1;0;1;0;Узбекистан, Ташкент, г. Ташкент, ул. Фараби, 400;Алмазарский район;массив Ниязова;41.344107;69.209092;41.344107, 69.209092;https://www.google.com/maps?q=41.344107,69.209092;нет;365;5;рекомендуемая;да: 0 м;2026-09-28
54;22;"1 бренд (Wildberries), 1 точка; ближайший Uzum в 364 м";Wildberries;1;1;0;1;0;Ташкент, 1-Й Проезд Чулпон 1;Яшнободский район;Бирлашган махалля;41.295273;69.354414;41.295273, 69.354414;https://www.google.com/maps?q=41.295273,69.354414;нет;364;8;запретная;да: 23 м;2026-09-28
55;22;"1 бренд (Ozon), 1 точка; ближайший Uzum в 363 м; точки только из Яндекс Карт — проверить";Ozon;1;1;1;0;0;Ташкент, улица Катта Олмос, 21;Яшнободский район;Алмаслык;41.271981;69.368154;41.271981, 69.368154;https://www.google.com/maps?q=41.271981,69.368154;да;363;4;запретная;нет;2026-09-28
56;22;"1 бренд (Wildberries), 1 точка; ближайший Uzum в 362 м";Wildberries;1;1;0;1;0;Ташкент Малая Кольцевая Дорога 19;Алмазарский район;Чимбай махалля;41.3491;69.216686;41.349100, 69.216686;https://www.google.com/maps?q=41.349100,69.216686;нет;362;3;запретная;да: 50 м;2026-09-28
57;22;"1 бренд (Яндекс Маркет), 1 точка; ближайший Uzum в 361 м; точки только из Яндекс Карт — проверить";Яндекс Маркет;1;1;0;0;1;Ташкент, Ташкент, Ахангаранский проспект, 31;Яшнободский район;Авиасозлар-1;41.284162;69.359991;41.284162, 69.359991;https://www.google.com/maps?q=41.284162,69.359991;да;361;7;рекомендуемая;да: 0 м;2026-09-28
58;22;"1 бренд (Ozon), 1 точка; ближайший Uzum в 353 м";Ozon;1;1;1;0;0;Ташкент, Абдурауфа Фитрата ул., 13;Мирабадский район;Ок Уй махалля;41.271454;69.307477;41.271454, 69.307477;https://www.google.com/maps?q=41.271454,69.307477;нет;353;5;запретная;нет;2026-09-28
59;22;"1 бренд (Wildberries), 1 точка; ближайший Uzum в 351 м";Wildberries;1;1;0;1;0;Узбекистан, Ташкент, г. Ташкент, Чиланзарский р-н, 16-й кв-л, 27;Чиланзарский район;Чиланзар-16;41.272128;69.200819;41.272128, 69.200819;https://www.google.com/maps?q=41.272128,69.200819;нет;351;9;запретная;да: 163 м;2026-09-28
60;21;"1 бренд (Ozon), 1 точка; ближайший Uzum в 344 м; точки только из Яндекс Карт — проверить";Ozon;1;1;1;0;0;Ташкент, 2-й квартал, 18;Яшнободский район;Тузель-2;41.291661;69.36116;41.291661, 69.361160;https://www.google.com/maps?q=41.291661,69.361160;да;344;9;запретная;нет;2026-09-28
61;21;"1 бренд (Яндекс Маркет), 1 точка; ближайший Uzum в 339 м; точки только из Яндекс Карт — проверить";Яндекс Маркет;1;1;0;0;1;Ташкент, Ташкент, улица Фараби, 402А;Алмазарский район;Чигатай-Актепа махалля;41.349977;69.190336;41.349977, 69.190336;https://www.google.com/maps?q=41.349977,69.190336;да;339;4;запретная;нет;2026-09-28
62;21;"1 бренд (Wildberries), 1 точка; ближайший Uzum в 337 м";Wildberries;1;1;0;1;0;Узбекистан, Ташкент, г. Ташкент, пр-кт Амира Темура, 96;Юнусабадский район;Минор (Ц-6);41.337068;69.285428;41.337068, 69.285428;https://www.google.com/maps?q=41.337068,69.285428;нет;337;4;запретная;да: 46 м;2026-09-28
63;21;"1 бренд (Wildberries), 1 точка; ближайший Uzum в 335 м";Wildberries;1;1;0;1;0;Узбекистан, Ташкент, г. Ташкент, ул. Паркент, 74;Яшнободский район;Риёзи (Чизельный);41.314418;69.323817;41.314418, 69.323817;https://www.google.com/maps?q=41.314418,69.323817;нет;335;4;запретная;да: 142 м;2026-09-28
64;21;"1 бренд (Wildberries), 1 точка; ближайший Uzum в 330 м";Wildberries;1;1;0;1;0;Узбекистан, Ташкент, г. Ташкент, Мирзо-Улугбекский р-н, ул. Геофизика, 74;Мирзо Улугбекский район;Геофизика;41.338894;69.386939;41.338894, 69.386939;https://www.google.com/maps?q=41.338894,69.386939;нет;330;4;запретная;нет;2026-09-28
65;21;"1 бренд (Яндекс Маркет), 1 точка; ближайший Uzum в 323 м; точки только из Яндекс Карт — проверить";Яндекс Маркет;1;1;0;0;1;Ташкент, Ташкент, улица Мирзы Турсунзаде, 1A;Янгихаётский район;Сергели;41.214477;69.212414;41.214477, 69.212414;https://www.google.com/maps?q=41.214477,69.212414;да;323;8;запретная;да: 206 м;2026-09-28
66;21;"1 бренд (Wildberries), 1 точка; ближайший Uzum в 321 м";Wildberries;1;1;0;1;0;Узбекистан, Ташкент, г. Ташкент, Ферганское ш., 1;Яшнободский район;Куйлюк Центр;41.24192;69.33096;41.241920, 69.330960;https://www.google.com/maps?q=41.241920,69.330960;нет;321;4;запретная;да: 199 м;2026-09-28
67;20;"1 бренд (Ozon), 1 точка; ближайший Uzum в 315 м";Ozon;1;1;1;0;0;Ташкент, массив Аханграбо, 8;Яшнободский район;Аханграбо (Панельный);41.252678;69.344067;41.252678, 69.344067;https://www.google.com/maps?q=41.252678,69.344067;нет;315;2;запретная;да: 104 м;2026-09-28
68;20;"1 бренд (Ozon), 1 точка; ближайший Uzum в 309 м; точки только из Яндекс Карт — проверить";Ozon;1;1;1;0;0;Ташкент, массив Чиланзар, 18-й квартал, 15;Чиланзарский район;Чиланзар-18;41.274182;69.190247;41.274182, 69.190247;https://www.google.com/maps?q=41.274182,69.190247;да;309;11;запретная;нет;2026-09-28
69;20;"1 бренд (Wildberries), 1 точка; ближайший Uzum в 308 м";Wildberries;1;1;0;1;0;Ташкент, 8-Й Квартал 1;Чиланзарский район;Чиланзар-6;41.287081;69.205814;41.287081, 69.205814;https://www.google.com/maps?q=41.287081,69.205814;нет;308;7;запретная;нет;2026-09-28
70;20;"1 бренд (Wildberries), 1 точка; ближайший Uzum в 307 м";Wildberries;1;1;0;1;0;Ташкент, улица Буюк Ипак Йули 77;Мирзо Улугбекский район;Буюк Ипак Йули махалля;41.326369;69.324757;41.326369, 69.324757;https://www.google.com/maps?q=41.326369,69.324757;нет;307;5;запретная;нет;2026-09-28
71;20;"1 бренд (Wildberries), 1 точка; ближайший Uzum в 306 м";Wildberries;1;1;0;1;0;Узбекистан, Ташкент, г. Ташкент, ул. Юкори Чирчик, 64;Бектемирский район;Бузаучи;41.235793;69.352153;41.235793, 69.352153;https://www.google.com/maps?q=41.235793,69.352153;нет;306;2;запретная;да: 295 м;2026-09-28
72;20;"1 бренд (Яндекс Маркет), 1 точка; ближайший Uzum в 302 м; точки только из Яндекс Карт — проверить";Яндекс Маркет;1;1;0;0;1;Ташкент, Сергелийский район, Ташкент, массив Сергели-VIа, 77;;Сергели-6А;41.230149;69.206614;41.230149, 69.206614;https://www.google.com/maps?q=41.230149,69.206614;да;302;8;запретная;да: 9 м;2026-09-28
