Группа;Место;Балл, %;Широта;Долгота;Координаты для карт;Ближайший пункт;Тип пункта;До пункта, км;От границы Ташкента, км;Район;Население гекса, чел;Рынков 3км;Супермаркетов 3км;Из них сетевых;Банков 3км;Радиус поиска ЖК, км;Новостроек рядом;Квартир в них;Ввод жилья в районе, тыс. м²/год;Объявлений аренды 2км;Дешевейшее, $/мес;Зона Uzum;Признаков в оценке;Ссылка на карту
город Ташкент;1;97;41.275234;69.181563;41.275234, 69.181563;Чиланзар-26;махалля;0.3;0.0;Учтепинский район;14985;15;57;21;43;0.5;2;2941;47.6;14;70;рекомендуемая;3 из 3;https://www.google.com/maps?q=41.275234,69.181563
город Ташкент;2;94;41.273677;69.268507;41.273677, 69.268507;Заминабад махалля;махалля;0.3;0.0;Яккасарайский район;10558;4;31;12;47;0.5;3;4584;31.8;36;1100;рекомендуемая;3 из 3;https://www.google.com/maps?q=41.273677,69.268507
город Ташкент;3;92;41.298608;69.213863;41.298608, 69.213863;Чарх Камалан-3 махалля;махалля;0.4;0.0;Чиланзарский район;17457;7;48;16;46;0.5;2;781;28.3;27;500;рекомендуемая;3 из 3;https://www.google.com/maps?q=41.298608,69.213863
город Ташкент;4;92;41.302375;69.289134;41.302375, 69.289134;Айбек;махалля;1.1;0.0;Яшнободский район;13591;2;45;16;79;0.5;1;448;141.0;61;918;рекомендуемая;3 из 3;https://www.google.com/maps?q=41.302375,69.289134
город Ташкент;5;92;41.284988;69.304435;41.284988, 69.304435;Пулемас (Шумиловский городок);махалля;0.8;0.0;Яшнободский район;12156;3;20;8;41;0.5;5;2507;141.0;10;1400;рекомендуемая;3 из 3;https://www.google.com/maps?q=41.284988,69.304435
город Ташкент;6;91;41.353226;69.314411;41.353226, 69.314411;Атчапар-2 махалля;махалля;0.3;0.0;Юнусабадский район;5180;8;40;14;36;0.5;2;4200;139.7;8;350;рекомендуемая;3 из 3;https://www.google.com/maps?q=41.353226,69.314411
город Ташкент;7;91;41.329729;69.289952;41.329729, 69.289952;Буюк Туран махалля;махалля;0.7;0.0;Юнусабадский район;10538;4;52;23;56;0.5;1;399;139.7;61;350;рекомендуемая;3 из 3;https://www.google.com/maps?q=41.329729,69.289952
город Ташкент;8;91;41.206165;69.219122;41.206165, 69.219122;Сергели-1;махалля;0.3;0.0;Янгихаётский район;11740;3;14;10;27;0.5;1;2510;122.7;6;150;рекомендуемая;3 из 3;https://www.google.com/maps?q=41.206165,69.219122
город Ташкент;9;90;41.345911;69.246887;41.345911, 69.246887;Карасарай махалля;махалля;0.3;0.0;Алмазарский район;14912;11;50;25;39;0.5;1;252;59.2;23;450;рекомендуемая;3 из 3;https://www.google.com/maps?q=41.345911,69.246887
город Ташкент;10;90;41.367635;69.275244;41.367635, 69.275244;Туркистан махалля;махалля;0.6;0.0;Юнусабадский район;15593;8;35;13;37;0.5;1;438;139.7;9;600;рекомендуемая;3 из 3;https://www.google.com/maps?q=41.367635,69.275244
город Ташкент;11;89;41.308626;69.320974;41.308626, 69.320974;Риёзи (Чизельный);махалля;0.6;0.0;Яшнободский район;8891;2;34;18;36;0.5;2;742;141.0;23;500;рекомендуемая;3 из 3;https://www.google.com/maps?q=41.308626,69.320974
город Ташкент;12;89;41.309964;69.340798;41.309964, 69.340798;Авайхан махалля;махалля;0.7;0.0;Мирзо Улугбекский район;9976;8;31;16;31;0.5;1;500;98.2;20;500;рекомендуемая;3 из 3;https://www.google.com/maps?q=41.309964,69.340798
город Ташкент;13;88;41.284507;69.237188;41.284507, 69.237188;Ракат махалля;махалля;0.5;0.0;Яккасарайский район;7882;7;50;21;54;0.5;1;312;31.8;55;350;рекомендуемая;3 из 3;https://www.google.com/maps?q=41.284507,69.237188
город Ташкент;14;88;41.349362;69.338051;41.349362, 69.338051;Ялангач (Высоковольтный);махалля;0.4;0.0;Мирзо Улугбекский район;13228;6;28;10;14;0.5;1;558;98.2;12;850;рекомендуемая;3 из 3;https://www.google.com/maps?q=41.349362,69.338051
город Ташкент;15;88;41.332561;69.321702;41.332561, 69.321702;Буюк Ипак Йули махалля;махалля;0.4;0.0;Мирзо Улугбекский район;4166;5;33;15;24;0.5;3;1970;98.2;31;500;рекомендуемая;3 из 3;https://www.google.com/maps?q=41.332561,69.321702
город Ташкент;16;87;41.365403;69.393992;41.365403, 69.393992;ТТЗ-4;махалля;0.6;0.0;Кибрайский район;13404;3;16;8;4;0.5;1;1200;213.9;1;1400;рекомендуемая;3 из 3;https://www.google.com/maps?q=41.365403,69.393992
город Ташкент;17;87;41.314123;69.301356;41.314123, 69.301356;Ирригатор массив;махалля;0.8;0.0;Мирзо Улугбекский район;6403;3;50;19;68;0.5;1;220;98.2;68;500;рекомендуемая;3 из 3;https://www.google.com/maps?q=41.314123,69.301356
город Ташкент;18;86;41.355303;69.294676;41.355303, 69.294676;Юнусабад махалля;махалля;0.3;0.0;Юнусабадский район;5016;5;49;20;36;0.5;1;350;139.7;17;350;рекомендуемая;3 из 3;https://www.google.com/maps?q=41.355303,69.294676
город Ташкент;19;86;41.350681;69.266822;41.350681, 69.266822;Джами махалля;махалля;0.1;0.0;Юнусабадский район;4950;8;58;28;45;0.5;1;126;139.7;18;450;рекомендуемая;3 из 3;https://www.google.com/maps?q=41.350681,69.266822
город Ташкент;20;86;41.365496;69.203898;41.365496, 69.203898;Бешкурган-4;махалля;0.2;0.0;Алмазарский район;12971;5;28;11;9;0.5;1;313;59.2;4;1100;рекомендуемая;3 из 3;https://www.google.com/maps?q=41.365496,69.203898
город Ташкент;21;86;41.283946;69.359775;41.283946, 69.359775;Авиасозлар-1;махалля;0.4;0.0;Яшнободский район;13526;7;9;6;16;0.5;1;480;141.0;6;900;рекомендуемая;3 из 3;https://www.google.com/maps?q=41.283946,69.359775
город Ташкент;22;86;41.271165;69.311927;41.271165, 69.311927;Ок Уй махалля;махалля;0.7;0.0;Мирабадский район;10553;4;12;5;20;0.5;1;726;48.5;8;1400;рекомендуемая;3 из 3;https://www.google.com/maps?q=41.271165,69.311927
город Ташкент;23;85;41.311064;69.186525;41.311064, 69.186525;Пахтакор махалля;махалля;0.4;0.0;Учтепинский район;3023;6;27;14;14;0.5;2;1777;47.6;13;700;рекомендуемая;3 из 3;https://www.google.com/maps?q=41.311064,69.186525
город Ташкент;24;85;41.31798;69.277729;41.317980, 69.277729;Кашгар (Ц-4);махалля;0.3;0.0;Юнусабадский район;6739;3;59;26;95;0.5;0;0;139.7;66;700;рекомендуемая;3 из 3;https://www.google.com/maps?q=41.317980,69.277729
город Ташкент;25;84;41.24277;69.366402;41.242770, 69.366402;Абай махалля;махалля;0.4;0.0;Бектемирский район;8381;8;11;4;10;0.5;1;828;60.2;0;;рекомендуемая;3 из 3;https://www.google.com/maps?q=41.242770,69.366402
город Ташкент;26;84;41.296436;69.332471;41.296436, 69.332471;Куксарай махалля;махалля;0.2;0.0;Яшнободский район;4067;6;25;14;33;0.5;1;488;141.0;12;500;рекомендуемая;3 из 3;https://www.google.com/maps?q=41.296436,69.332471
город Ташкент;27;83;41.343199;69.207222;41.343199, 69.207222;массив Ниязова;махалля;0.3;0.0;Алмазарский район;6689;7;45;21;20;0.5;1;96;59.2;15;500;рекомендуемая;3 из 3;https://www.google.com/maps?q=41.343199,69.207222
город Ташкент;28;83;41.370618;69.299096;41.370618, 69.299096;Юнусабад 13-й квартал;махалля;0.3;0.0;Юнусабадский район;22705;5;33;13;31;0.5;0;0;139.7;15;300;рекомендуемая;3 из 3;https://www.google.com/maps?q=41.370618,69.299096
город Ташкент;29;82;41.230514;69.196113;41.230514, 69.196113;Янги Чаштепа;махалля;0.3;0.0;Янгихаётский район;7105;6;14;9;24;0.5;1;208;122.7;7;350;рекомендуемая;3 из 3;https://www.google.com/maps?q=41.230514,69.196113
город Ташкент;30;82;41.258977;69.323419;41.258977, 69.323419;Бунёдкор махалля;махалля;0.1;0.0;Яшнободский район;4032;10;15;5;27;0.5;1;380;141.0;3;1400;рекомендуемая;3 из 3;https://www.google.com/maps?q=41.258977,69.323419
город Ташкент;31;82;41.341478;69.302179;41.341478, 69.302179;Атчапар-1 махалля;махалля;1.2;0.0;Юнусабадский район;5652;6;49;17;35;0.5;0;0;139.7;27;350;рекомендуемая;3 из 3;https://www.google.com/maps?q=41.341478,69.302179
город Ташкент;32;80;41.247466;69.204497;41.247466, 69.204497;Тирсакабад махалля;махалля;0.3;0.0;Чиланзарский район;2020;5;15;6;22;0.5;2;2500;28.3;7;350;рекомендуемая;3 из 3;https://www.google.com/maps?q=41.247466,69.204497
город Ташкент;33;80;41.318137;69.360837;41.318137, 69.360837;Гульзарабад махалля;махалля;0.3;0.0;Яшнободский район;7413;5;23;12;11;0.5;0;0;141.0;4;650;рекомендуемая;3 из 3;https://www.google.com/maps?q=41.318137,69.360837
город Ташкент;34;80;41.382952;69.279659;41.382952, 69.279659;Юнусабад-10;махалля;0.4;0.0;Юнусабадский район;8693;4;24;11;27;0.5;0;0;139.7;5;600;рекомендуемая;3 из 3;https://www.google.com/maps?q=41.382952,69.279659
город Ташкент;35;80;41.384298;69.299507;41.384298, 69.299507;Орзулар;махалля;0.1;0.0;Юнусабадский район;9262;5;19;7;27;0.5;0;0;139.7;12;300;рекомендуемая;3 из 3;https://www.google.com/maps?q=41.384298,69.299507
город Ташкент;36;80;41.277558;69.335848;41.277558, 69.335848;Хосиятли махалля;махалля;0.4;0.0;Яшнободский район;7484;8;18;8;26;0.5;0;0;141.0;3;900;рекомендуемая;3 из 3;https://www.google.com/maps?q=41.277558,69.335848
город Ташкент;37;79;41.211644;69.19953;41.211644, 69.199530;Сергели-9А;махалля;0.1;0.0;Янгихаётский район;19654;3;17;12;21;0.5;0;0;122.7;4;600;рекомендуемая;3 из 3;https://www.google.com/maps?q=41.211644,69.199530
город Ташкент;38;78;41.338502;69.369387;41.338502, 69.369387;Шуртепа махалля;махалля;0.4;0.0;Мирзо Улугбекский район;9666;7;29;15;15;0.5;0;0;98.2;8;10;рекомендуемая;3 из 3;https://www.google.com/maps?q=41.338502,69.369387
город Ташкент;39;78;41.334298;69.226758;41.334298, 69.226758;Чигатай Дарваза махалля;махалля;0.1;0.0;Алмазарский район;10288;7;52;24;50;0.5;0;0;59.2;25;250;рекомендуемая;3 из 3;https://www.google.com/maps?q=41.334298,69.226758
город Ташкент;40;78;41.323641;69.341219;41.323641, 69.341219;Катта Алтынтепа махалля;махалля;0.6;0.0;Мирзо Улугбекский район;6442;6;34;17;23;0.5;0;0;98.2;19;500;рекомендуемая;3 из 3;https://www.google.com/maps?q=41.323641,69.341219
город Ташкент;41;77;41.286991;69.193757;41.286991, 69.193757;Чиланзар Г 9А;махалля;0.3;0.0;Учтепинский район;16603;9;60;21;47;0.5;0;0;47.6;28;70;рекомендуемая;3 из 3;https://www.google.com/maps?q=41.286991,69.193757
город Ташкент;42;77;41.350091;69.389548;41.350091, 69.389548;Ахмада Югнаки (Солнечный);махалля;0.3;0.0;Мирзо Улугбекский район;13244;4;20;10;6;0.5;0;0;98.2;2;3876;рекомендуемая;3 из 3;https://www.google.com/maps?q=41.350091,69.389548
город Ташкент;43;76;41.243371;69.334801;41.243371, 69.334801;Катта Куйлюк махалля;махалля;0.1;0.0;Яшнободский район;3817;9;13;4;22;0.5;0;0;141.0;0;;рекомендуемая;3 из 3;https://www.google.com/maps?q=41.243371,69.334801
город Ташкент;44;74;41.299391;69.26531;41.299391, 69.265310;Багсарай махалля;махалля;0.3;0.0;Яккасарайский район;11879;5;48;19;102;0.5;0;0;31.8;71;900;рекомендуемая;3 из 3;https://www.google.com/maps?q=41.299391,69.265310
город Ташкент;45;74;41.376688;69.247785;41.376688, 69.247785;Ибрагим-Ата махалля;махалля;0.7;0.0;Юнусабадский район;2816;4;19;9;5;0.5;0;0;139.7;5;500;рекомендуемая;3 из 3;https://www.google.com/maps?q=41.376688,69.247785
город Ташкент;46;74;41.310079;69.241886;41.310079, 69.241886;Алмазар массив;махалля;0.3;0.0;Чиланзарский район;12235;6;46;19;79;0.5;0;0;28.3;40;250;рекомендуемая;3 из 3;https://www.google.com/maps?q=41.310079,69.241886
город Ташкент;47;74;41.401782;69.458556;41.401782, 69.458556;Улугбек;город;0.4;0.0;Кибрайский район;3473;0;5;2;6;0.5;0;0;213.9;0;;рекомендуемая;3 из 3;https://www.google.com/maps?q=41.401782,69.458556
город Ташкент;48;73;41.189216;69.210739;41.189216, 69.210739;Зарбдор махалля;махалля;0.4;0.0;Янгихаётский район;7571;2;6;5;3;0.5;0;0;122.7;4;300;рекомендуемая;3 из 3;https://www.google.com/maps?q=41.189216,69.210739
город Ташкент;49;73;41.347976;69.227153;41.347976, 69.227153;Ачабад махалля;махалля;0.4;0.0;Алмазарский район;4715;11;43;21;30;0.5;0;0;59.2;17;600;рекомендуемая;3 из 3;https://www.google.com/maps?q=41.347976,69.227153
город Ташкент;50;73;41.271397;69.205177;41.271397, 69.205177;Наккашлык;махалля;0.5;0.0;Чиланзарский район;10663;9;54;18;49;0.5;0;0;28.3;20;350;рекомендуемая;3 из 3;https://www.google.com/maps?q=41.271397,69.205177
город Ташкент;51;72;41.265528;69.149665;41.265528, 69.149665;Чиланзар-31;махалля;0.1;0.0;Учтепинский район;10778;17;26;10;27;0.5;0;0;47.6;6;200;рекомендуемая;3 из 3;https://www.google.com/maps?q=41.265528,69.149665
город Ташкент;52;72;41.358935;69.187873;41.358935, 69.187873;Беруни махалля;махалля;0.3;0.0;Алмазарский район;8230;5;28;12;9;0.5;0;0;59.2;1;1100;рекомендуемая;3 из 3;https://www.google.com/maps?q=41.358935,69.187873
город Ташкент;53;72;41.283152;69.217376;41.283152, 69.217376;Чиланзар-4;махалля;0.1;0.0;Чиланзарский район;8748;8;52;17;55;0.5;0;0;28.3;26;500;рекомендуемая;3 из 3;https://www.google.com/maps?q=41.283152,69.217376
город Ташкент;54;71;41.283644;69.28462;41.283644, 69.284620;Сарыкулька;махалля;0.2;0.0;Мирабадский район;5986;5;33;12;66;0.5;0;0;48.5;33;1500;рекомендуемая;3 из 3;https://www.google.com/maps?q=41.283644,69.284620
город Ташкент;55;71;41.254507;69.378627;41.254507, 69.378627;Сувсоз-2 (Водник);махалля;0.4;0.0;Бектемирский район;10644;5;6;2;2;0.5;0;0;60.2;2;1500;рекомендуемая;3 из 3;https://www.google.com/maps?q=41.254507,69.378627
город Ташкент;56;71;41.390081;69.264024;41.390081, 69.264024;Дустамабад;посёлок;1.3;0.0;Юнусабадский район;2632;1;8;4;3;0.5;0;0;139.7;4;500;рекомендуемая;3 из 3;https://www.google.com/maps?q=41.390081,69.264024
город Ташкент;57;70;41.270832;69.236792;41.270832, 69.236792;Дилбулак махалля;махалля;0.3;0.0;Яккасарайский район;11138;5;33;12;41;0.5;0;0;31.8;53;350;рекомендуемая;3 из 3;https://www.google.com/maps?q=41.270832,69.236792
город Ташкент;58;70;41.366713;69.231653;41.366713, 69.231653;Каракамыш 1/4;махалля;0.5;0.0;Алмазарский район;5172;7;23;10;10;0.5;0;0;59.2;8;499;рекомендуемая;3 из 3;https://www.google.com/maps?q=41.366713,69.231653
город Ташкент;59;69;41.228062;69.330381;41.228062, 69.330381;Бектемир;район города;0.6;0.0;Бектемирский район;4317;6;7;2;18;0.5;0;0;60.2;3;90;рекомендуемая;3 из 3;https://www.google.com/maps?q=41.228062,69.330381
город Ташкент;60;66;41.339372;69.412963;41.339372, 69.412963;Заковат;село;0.3;0.0;Яшнободский район;1782;3;8;5;4;0.5;0;0;141.0;1;8000;рекомендуемая;3 из 3;https://www.google.com/maps?q=41.339372,69.412963
до 30 км;3;87;41.367554;69.184156;41.367554, 69.184156;Жийдали махалля;махалля;0.3;0.1;Зангиатинский район;4927;4;17;8;4;5.0;9;3377;184.9;1;1100;рекомендуемая;3 из 3;https://www.google.com/maps?q=41.367554,69.184156
до 30 км;56;71;41.166647;69.229831;41.166647, 69.229831;Чартак;село;1.5;0.2;Куйичирчикский район;1389;0;0;0;0;5.0;5;19602;63.5;3;300;рекомендуемая;2 из 3;https://www.google.com/maps?q=41.166647,69.229831
до 30 км;7;86;41.371813;69.326858;41.371813, 69.326858;Юнусабад-18;махалля;0.9;0.3;Ташкентский район;2665;5;15;6;14;5.0;26;24611;270.6;5;300;рекомендуемая;3 из 3;https://www.google.com/maps?q=41.371813,69.326858
до 30 км;12;82;41.24652;69.160998;41.246520, 69.160998;Эшангузар;город;0.9;0.3;Зангиатинский район;1929;7;18;9;19;5.0;19;12670;184.9;7;200;рекомендуемая;3 из 3;https://www.google.com/maps?q=41.246520,69.160998
до 30 км;2;88;41.359471;69.346281;41.359471, 69.346281;Навруз махалля;махалля;0.1;0.4;Кибрайский район;3879;6;18;6;10;5.0;28;21037;213.9;8;250;рекомендуемая;3 из 3;https://www.google.com/maps?q=41.359471,69.346281
до 30 км;11;83;41.387864;69.291691;41.387864, 69.291691;Дархан;село;0.1;0.4;Ташкентский район;1950;4;22;9;26;5.0;18;19490;270.6;4;600;рекомендуемая;3 из 3;https://www.google.com/maps?q=41.387864,69.291691
до 30 км;13;82;41.36099;69.168133;41.360990, 69.168133;Чигатай-Актепа;село;0.3;0.4;Зангиатинский район;2226;3;16;7;0;5.0;8;3190;184.9;1;250;рекомендуемая;3 из 3;https://www.google.com/maps?q=41.360990,69.168133
до 30 км;58;71;41.402096;69.442713;41.402096, 69.442713;Ифтихор;посёлок;0.8;0.4;Кибрайский район;1933;0;5;2;6;5.0;2;439;213.9;0;;рекомендуемая;3 из 3;https://www.google.com/maps?q=41.402096,69.442713
до 30 км;8;85;41.387795;69.200571;41.387795, 69.200571;Айрикуйлак;село;0.4;0.9;Ташкентский район;4778;3;11;4;7;5.0;6;2236;270.6;2;499;рекомендуемая;3 из 3;https://www.google.com/maps?q=41.387795,69.200571
до 30 км;27;78;41.361522;69.417632;41.361522, 69.417632;Дурмень;село;0.6;0.9;Кибрайский район;1892;3;6;5;4;5.0;6;3237;213.9;0;;рекомендуемая;3 из 3;https://www.google.com/maps?q=41.361522,69.417632
до 30 км;23;78;41.324284;69.483728;41.324284, 69.483728;Китай-Тепа;село;0.2;1.1;Юкоричирчикский район;1851;0;0;0;0;5.0;3;1673;151.7;0;;рекомендуемая;2 из 3;https://www.google.com/maps?q=41.324284,69.483728
до 30 км;20;79;41.402834;69.220811;41.402834, 69.220811;Абдурахманов;посёлок;0.6;1.2;Ташкентский район;2527;2;3;1;6;5.0;5;2480;270.6;4;1860;рекомендуемая;3 из 3;https://www.google.com/maps?q=41.402834,69.220811
до 30 км;41;75;41.401834;69.276258;41.401834, 69.276258;Дустамабад;посёлок;0.4;1.2;Ташкентский район;2226;1;2;1;1;5.0;10;12149;270.6;2;;рекомендуемая;3 из 3;https://www.google.com/maps?q=41.401834,69.276258
до 30 км;46;74;41.316805;69.515143;41.316805, 69.515143;Янгибазар;город;0.7;1.2;Юкоричирчикский район;2621;2;2;0;3;5.0;2;1373;151.7;0;;рекомендуемая;3 из 3;https://www.google.com/maps?q=41.316805,69.515143
до 30 км;39;75;41.276459;69.110428;41.276459, 69.110428;Мевазар;село;1.0;1.3;Зангиатинский район;2345;4;0;0;1;5.0;3;4564;184.9;0;;рекомендуемая;3 из 3;https://www.google.com/maps?q=41.276459,69.110428
до 30 км;16;79;41.375967;69.378481;41.375967, 69.378481;Ялангач;село;1.5;1.4;Кибрайский район;2081;4;11;5;4;5.0;4;2347;213.9;1;1400;рекомендуемая;3 из 3;https://www.google.com/maps?q=41.375967,69.378481
до 30 км;29;77;41.207141;69.163858;41.207141, 69.163858;Зангиата;город;0.6;1.6;Зангиатинский район;1847;1;4;4;2;5.0;14;24505;184.9;1;2600;рекомендуемая;3 из 3;https://www.google.com/maps?q=41.207141,69.163858
до 30 км;30;76;41.33418;69.135725;41.334180, 69.135725;Ункурган;село;0.3;1.8;Зангиатинский район;1727;6;7;4;2;5.0;7;6530;184.9;0;;рекомендуемая;3 из 3;https://www.google.com/maps?q=41.334180,69.135725
до 30 км;50;73;41.401398;69.300022;41.401398, 69.300022;Guliston;село;0.9;1.9;Кибрайский район;2320;1;1;0;2;5.0;12;13607;213.9;3;1000;рекомендуемая;3 из 3;https://www.google.com/maps?q=41.401398,69.300022
до 30 км;5;86;41.378205;69.350821;41.378205, 69.350821;Салар;город;0.4;2.0;Кибрайский район;4623;4;11;4;4;5.0;13;14705;213.9;2;1100;рекомендуемая;3 из 3;https://www.google.com/maps?q=41.378205,69.350821
до 30 км;6;86;41.403254;69.197048;41.403254, 69.197048;Келес;город;0.8;2.2;Ташкентский район;9032;2;5;1;6;5.0;5;2140;270.6;2;1200;рекомендуемая;3 из 3;https://www.google.com/maps?q=41.403254,69.197048
до 30 км;28;77;41.417442;69.264831;41.417442, 69.264831;Хасанбай;село;1.2;2.3;Ташкентский район;1653;0;0;0;0;5.0;8;9304;270.6;1;600;рекомендуемая;2 из 3;https://www.google.com/maps?q=41.417442,69.264831
до 30 км;60;71;41.38657;69.172807;41.386570, 69.172807;Дамарык;село;0.1;2.4;Ташкентский район;1716;1;5;0;2;5.0;7;2897;270.6;1;1200;рекомендуемая;3 из 3;https://www.google.com/maps?q=41.386570,69.172807
до 30 км;34;76;41.377685;69.465691;41.377685, 69.465691;Кибрай;город;1.1;2.7;Кибрайский район;3583;0;2;2;7;5.0;2;439;213.9;0;;рекомендуемая;3 из 3;https://www.google.com/maps?q=41.377685,69.465691
до 30 км;37;75;41.44656;69.444159;41.446560, 69.444159;Ходжакурган;село;0.6;2.7;Кибрайский район;2215;0;0;0;0;5.0;1;129;213.9;0;;рекомендуемая;2 из 3;https://www.google.com/maps?q=41.446560,69.444159
до 30 км;33;76;41.380099;69.430113;41.380099, 69.430113;Аргин;село;0.2;2.8;Кибрайский район;2439;0;3;2;6;5.0;2;1510;213.9;0;;рекомендуемая;3 из 3;https://www.google.com/maps?q=41.380099,69.430113
до 30 км;45;74;41.442511;69.475756;41.442511, 69.475756;Сасбага;село;0.6;2.8;Кибрайский район;2091;0;0;0;0;5.0;1;129;213.9;0;;рекомендуемая;2 из 3;https://www.google.com/maps?q=41.442511,69.475756
до 30 км;47;74;41.378499;69.144857;41.378499, 69.144857;Илгар;посёлок;0.9;3.1;Ташкентский район;2210;0;4;1;0;5.0;5;2397;270.6;0;;рекомендуемая;3 из 3;https://www.google.com/maps?q=41.378499,69.144857
до 30 км;54;72;41.314067;69.111439;41.314067, 69.111439;Алимбаба;село;0.2;3.1;Зангиатинский район;2154;1;1;1;1;5.0;3;3868;184.9;1;;рекомендуемая;3 из 3;https://www.google.com/maps?q=41.314067,69.111439
до 30 км;55;72;41.389799;69.370991;41.389799, 69.370991;Янгиюль;посёлок;1.2;3.1;Кибрайский район;2589;1;1;0;1;5.0;3;3023;213.9;1;1100;рекомендуемая;3 из 3;https://www.google.com/maps?q=41.389799,69.370991
до 30 км;15;80;41.160793;69.174412;41.160793, 69.174412;Боборахим;село;0.1;3.2;Янгиюльский район;1726;0;0;0;0;5.0;4;17092;129.6;0;;рекомендуемая;2 из 3;https://www.google.com/maps?q=41.160793,69.174412
до 30 км;51;73;41.343065;69.116177;41.343065, 69.116177;Илгар;город;0.2;3.7;Зангиатинский район;2595;0;2;2;0;5.0;3;1141;184.9;0;;рекомендуемая;3 из 3;https://www.google.com/maps?q=41.343065,69.116177
до 30 км;31;76;41.418715;69.193523;41.418715, 69.193523;Куктерак;село;0.9;3.8;Ташкентский район;2247;2;4;1;6;5.0;2;1267;270.6;0;;рекомендуемая;3 из 3;https://www.google.com/maps?q=41.418715,69.193523
до 30 км;44;74;41.425276;69.209565;41.425276, 69.209565;Куктерак;село;0.7;3.8;Ташкентский район;2734;2;3;1;6;5.0;1;187;270.6;0;;рекомендуемая;3 из 3;https://www.google.com/maps?q=41.425276,69.209565
до 30 км;25;78;41.358385;69.120549;41.358385, 69.120549;Шамсиабад;село;0.5;3.9;Ташкентский район;3620;0;4;2;0;5.0;5;1701;270.6;0;;рекомендуемая;3 из 3;https://www.google.com/maps?q=41.358385,69.120549
до 30 км;21;78;41.412151;69.177485;41.412151, 69.177485;Сагбан;село;0.4;4.3;Ташкентский район;2486;2;4;1;6;5.0;3;1519;270.6;1;1200;рекомендуемая;3 из 3;https://www.google.com/maps?q=41.412151,69.177485
до 30 км;26;78;41.404809;69.391277;41.404809, 69.391277;Уткир;село;0.4;4.3;Кибрайский район;1919;0;0;0;0;5.0;2;1398;213.9;0;;рекомендуемая;2 из 3;https://www.google.com/maps?q=41.404809,69.391277
до 30 км;9;84;41.173507;69.131349;41.173507, 69.131349;Ханкурган;село;1.9;5.3;Зангиатинский район;2231;0;0;0;0;5.0;2;2842;184.9;0;;рекомендуемая;2 из 3;https://www.google.com/maps?q=41.173507,69.131349
до 30 км;24;78;41.445091;69.249785;41.445091, 69.249785;Чувалачи;посёлок;0.2;5.3;Ташкентский район;2773;0;0;0;0;5.0;0;0;270.6;0;;рекомендуемая;2 из 3;https://www.google.com/maps?q=41.445091,69.249785
до 30 км;35;76;41.445517;69.226005;41.445517, 69.226005;Алишер Навои;село;0.7;5.3;Ташкентский район;2065;0;0;0;0;5.0;1;187;270.6;0;;рекомендуемая;2 из 3;https://www.google.com/maps?q=41.445517,69.226005
до 30 км;32;76;41.273963;69.055013;41.273963, 69.055013;Тукимачи;село;1.3;5.7;Зангиатинский район;2760;0;0;0;0;5.0;0;0;184.9;0;;рекомендуемая;2 из 3;https://www.google.com/maps?q=41.273963,69.055013
до 30 км;49;73;41.287638;69.055368;41.287638, 69.055368;Янарык;село;0.1;6.0;Зангиатинский район;2340;0;0;0;0;5.0;0;0;184.9;0;;рекомендуемая;2 из 3;https://www.google.com/maps?q=41.287638,69.055368
до 30 км;10;83;41.434386;69.538939;41.434386, 69.538939;Вахид Хайдаров махалля;махалля;0.2;6.2;Город Чиpчик;7155;5;4;2;4;5.0;2;1599;40.8;0;;рекомендуемая;3 из 3;https://www.google.com/maps?q=41.434386,69.538939
до 30 км;42;74;41.451813;69.523666;41.451813, 69.523666;Абдурахман Джами махалля;махалля;0.4;6.2;Кибрайский район;1825;5;3;2;3;5.0;2;1599;213.9;0;;рекомендуемая;3 из 3;https://www.google.com/maps?q=41.451813,69.523666
до 30 км;22;78;41.461777;69.365311;41.461777, 69.365311;Гышткуприк;село;0.3;8.1;Ташкентский район;2850;0;0;0;0;5.0;0;0;270.6;0;;рекомендуемая;2 из 3;https://www.google.com/maps?q=41.461777,69.365311
до 30 км;57;71;41.229781;69.038067;41.229781, 69.038067;Гулистан;село;0.1;8.1;Зангиатинский район;2080;0;0;0;0;5.0;0;0;184.9;0;;рекомендуемая;2 из 3;https://www.google.com/maps?q=41.229781,69.038067
до 30 км;53;72;41.426559;69.586257;41.426559, 69.586257;Янгикурган;село;0.2;9.8;Юкоричирчикский район;1591;0;0;0;0;5.0;2;1599;151.7;0;;рекомендуемая;2 из 3;https://www.google.com/maps?q=41.426559,69.586257
до 30 км;48;74;41.115948;69.098242;41.115948, 69.098242;Тахтакуприк;село;1.5;11.5;Янгиюльский район;1767;0;0;0;0;5.0;3;909;129.6;0;;рекомендуемая;2 из 3;https://www.google.com/maps?q=41.115948,69.098242
до 30 км;1;89;41.478034;69.580118;41.478034, 69.580118;Бахор махалля;махалля;0.2;11.7;Город Чиpчик;18190;2;8;4;15;5.0;3;1995;40.8;2;700;рекомендуемая;3 из 3;https://www.google.com/maps?q=41.478034,69.580118
до 30 км;17;79;41.463685;69.611362;41.463685, 69.611362;Карабай;село;1.1;13.1;Бостанлыкский район;2282;1;4;2;14;5.0;3;1995;147.5;0;;рекомендуемая;3 из 3;https://www.google.com/maps?q=41.463685,69.611362
до 30 км;40;75;41.157616;69.059894;41.157616, 69.059894;Конкус;село;0.4;13.1;Янгиюльский район;1815;0;0;0;0;5.0;3;909;129.6;0;;рекомендуемая;2 из 3;https://www.google.com/maps?q=41.157616,69.059894
до 30 км;43;74;41.039806;69.340406;41.039806, 69.340406;Нурафшан (Тойтепа);город;1.5;13.6;Уртачирчикский район;1871;0;2;1;14;5.0;5;1946;134.2;0;;рекомендуемая;3 из 3;https://www.google.com/maps?q=41.039806,69.340406
до 30 км;18;79;41.088745;69.089637;41.088745, 69.089637;Ниязбаш;село;1.6;13.9;Янгиюльский район;2111;0;0;0;0;5.0;3;909;129.6;0;;рекомендуемая;2 из 3;https://www.google.com/maps?q=41.088745,69.089637
до 30 км;19;79;41.034304;69.359931;41.034304, 69.359931;Нурафшан (Тойтепа);город;1.0;14.2;Уртачирчикский район;2647;0;2;1;14;5.0;5;1946;134.2;0;;рекомендуемая;3 из 3;https://www.google.com/maps?q=41.034304,69.359931
до 30 км;52;72;41.475237;69.631615;41.475237, 69.631615;Кушкурган;село;0.6;15.2;Бостанлыкский район;1805;0;0;0;0;5.0;1;396;147.5;0;;рекомендуемая;2 из 3;https://www.google.com/maps?q=41.475237,69.631615
до 30 км;14;80;41.02079;69.351637;41.020790, 69.351637;Чигирик;город;0.7;15.7;Уртачирчикский район;3239;0;2;1;12;5.0;5;1946;134.2;0;;рекомендуемая;3 из 3;https://www.google.com/maps?q=41.020790,69.351637
до 30 км;36;75;41.514832;69.621115;41.514832, 69.621115;Верхне-чирчикский район;махалля;0.3;17.0;Город Чиpчик;7842;1;2;2;0;5.0;2;444;40.8;0;;рекомендуемая;3 из 3;https://www.google.com/maps?q=41.514832,69.621115
до 30 км;4;86;40.991527;69.362544;40.991527, 69.362544;Микрорайон;махалля;0.2;18.9;Уртачирчикский район;6807;0;0;0;0;5.0;2;429;134.2;0;;рекомендуемая;2 из 3;https://www.google.com/maps?q=40.991527,69.362544
до 30 км;59;71;41.570589;69.734412;41.570589, 69.734412;Баррадж;село;0.4;28.2;Бостанлыкский район;2086;1;2;2;3;5.0;1;767;147.5;0;;рекомендуемая;3 из 3;https://www.google.com/maps?q=41.570589,69.734412
до 30 км;38;75;41.570059;69.758246;41.570059, 69.758246;Баррадж;посёлок;1.3;29.7;Бостанлыкский район;3344;1;1;1;6;5.0;1;767;147.5;1;1600;рекомендуемая;3 из 3;https://www.google.com/maps?q=41.570059,69.758246
30–60 км;32;53;41.004116;68.933925;41.004116, 68.933925;Пахта;село;1.7;30.1;Чиназский район;1751;0;0;0;0;5.0;0;0;59.7;0;;рекомендуемая;2 из 3;https://www.google.com/maps?q=41.004116,68.933925
30–60 км;6;67;41.613627;69.724091;41.613627, 69.724091;Хандайлык;село;0.4;30.8;Бостанлыкский район;1637;0;0;0;0;5.0;1;200;147.5;0;;рекомендуемая;2 из 3;https://www.google.com/maps?q=41.613627,69.724091
30–60 км;9;63;40.91613;69.623615;40.916130, 69.623615;4-й микрорайон;махалля;0.4;30.9;Ахангаранский район;16463;0;2;0;5;5.0;0;0;55.2;0;;рекомендуемая;3 из 3;https://www.google.com/maps?q=40.916130,69.623615
30–60 км;2;77;41.56088;69.785724;41.560880, 69.785724;Газалкент;город;1.3;31.0;Бостанлыкский район;11955;1;0;0;6;5.0;1;767;147.5;1;1600;рекомендуемая;3 из 3;https://www.google.com/maps?q=41.560880,69.785724
30–60 км;4;69;41.606431;69.739734;41.606431, 69.739734;Хандайлык;село;1.1;31.1;Бостанлыкский район;1704;0;0;0;0;5.0;1;200;147.5;0;;рекомендуемая;2 из 3;https://www.google.com/maps?q=41.606431,69.739734
30–60 км;10;62;40.913997;69.643199;40.913997, 69.643199;2-й микрорайон;махалля;0.4;31.9;Ахангаранский район;9090;0;2;0;6;5.0;0;0;55.2;1;;рекомендуемая;3 из 3;https://www.google.com/maps?q=40.913997,69.643199
30–60 км;22;57;40.893232;69.575644;40.893232, 69.575644;ДСК Микрорайон 7/1;махалля;0.3;31.9;Пскентский район;3338;0;0;0;0;5.0;0;0;37.9;0;;рекомендуемая;2 из 3;https://www.google.com/maps?q=40.893232,69.575644
30–60 км;3;71;41.572586;69.798101;41.572586, 69.798101;Чимбайлык;село;2.4;32.6;Бостанлыкский район;2565;1;0;0;6;5.0;1;767;147.5;0;;рекомендуемая;3 из 3;https://www.google.com/maps?q=41.572586,69.798101
30–60 км;39;51;40.926335;68.991026;40.926335, 68.991026;Гулистан;село;0.2;33.2;Куйичирчикский район;1476;0;0;0;0;5.0;0;0;63.5;0;;рекомендуемая;2 из 3;https://www.google.com/maps?q=40.926335,68.991026
30–60 км;48;47;41.007896;68.910403;41.007896, 68.910403;Навои;посёлок;0.2;33.8;Чиназский район;1472;0;0;0;0;5.0;0;0;59.7;0;;рекомендуемая;2 из 3;https://www.google.com/maps?q=41.007896,68.910403
30–60 км;11;61;41.587894;69.802668;41.587894, 69.802668;Чимбайлык;село;0.8;33.9;Бостанлыкский район;1301;0;0;0;0;5.0;1;767;147.5;0;;рекомендуемая;2 из 3;https://www.google.com/maps?q=41.587894,69.802668
30–60 км;37;51;40.945929;68.940403;40.945929, 68.940403;Янгихаёт;село;0.3;33.9;Куйичирчикский район;1498;0;0;0;0;5.0;0;0;63.5;0;;рекомендуемая;2 из 3;https://www.google.com/maps?q=40.945929,68.940403
30–60 км;52;45;40.891542;69.65419;40.891542, 69.654190;3-микрорайон;махалля;1.4;34.5;Ахангаранский район;1472;0;2;0;6;5.0;0;0;55.2;1;;рекомендуемая;3 из 3;https://www.google.com/maps?q=40.891542,69.654190
30–60 км;44;48;40.84809;69.358112;40.848090, 69.358112;Саид;село;0.2;34.9;Пскентский район;1866;0;0;0;0;5.0;0;0;37.9;0;;рекомендуемая;2 из 3;https://www.google.com/maps?q=40.848090,69.358112
30–60 км;59;42;40.875462;69.072235;40.875462, 69.072235;Каянкулак;село;0.3;35.2;Аккурганский район;1508;2;0;0;2;5.0;0;0;40.3;0;;рекомендуемая;3 из 3;https://www.google.com/maps?q=40.875462,69.072235
30–60 км;47;48;40.968917;68.889829;40.968917, 68.889829;Янги Ислохат;село;0.1;35.4;Чиназский район;1473;0;0;0;0;5.0;0;0;59.7;0;;рекомендуемая;2 из 3;https://www.google.com/maps?q=40.968917,68.889829
30–60 км;26;56;40.877498;69.052652;40.877498, 69.052652;Аккурган;город;0.7;35.5;Аккурганский район;5366;2;0;0;2;5.0;0;0;40.3;0;;рекомендуемая;3 из 3;https://www.google.com/maps?q=40.877498,69.052652
30–60 км;36;52;40.87093;69.036776;40.870930, 69.036776;Курганча;село;1.0;36.7;Аккурганский район;2517;2;0;0;2;5.0;0;0;40.3;0;;рекомендуемая;3 из 3;https://www.google.com/maps?q=40.870930,69.036776
30–60 км;58;42;40.873951;69.677136;40.873951, 69.677136;Куюн;село;1.2;37.2;Ахангаранский район;1430;0;0;0;0;5.0;0;0;55.2;0;;рекомендуемая;2 из 3;https://www.google.com/maps?q=40.873951,69.677136
30–60 км;56;43;41.014259;68.827909;41.014259, 68.827909;Бирлик;село;0.9;37.3;Чиназский район;1343;0;0;0;0;5.0;0;0;59.7;0;;рекомендуемая;2 из 3;https://www.google.com/maps?q=41.014259,68.827909
30–60 км;14;61;40.847834;69.621207;40.847834, 69.621207;Алтын махалля;махалля;0.5;37.9;Пскентский район;3984;3;4;1;10;5.0;0;0;37.9;1;1800;рекомендуемая;3 из 3;https://www.google.com/maps?q=40.847834,69.621207
30–60 км;25;56;40.836641;69.585473;40.836641, 69.585473;Дустлик махалля;махалля;0.5;38.2;Пскентский район;2111;3;3;1;10;5.0;0;0;37.9;1;1800;рекомендуемая;3 из 3;https://www.google.com/maps?q=40.836641,69.585473
30–60 км;38;51;40.869928;68.993559;40.869928, 68.993559;Чакмак;село;0.3;38.5;Куйичирчикский район;1549;0;0;0;0;5.0;0;0;63.5;0;;рекомендуемая;2 из 3;https://www.google.com/maps?q=40.869928,68.993559
30–60 км;54;44;40.810243;69.282393;40.810243, 69.282393;Каракуйли;село;0.2;39.3;Букинский район;1602;0;0;0;0;5.0;0;0;39.6;0;;рекомендуемая;2 из 3;https://www.google.com/maps?q=40.810243,69.282393
30–60 км;57;43;40.856143;69.001069;40.856143, 69.001069;Навои;село;0.2;39.5;Аккурганский район;1522;0;0;0;0;5.0;0;0;40.3;0;;рекомендуемая;2 из 3;https://www.google.com/maps?q=40.856143,69.001069
30–60 км;35;52;40.805776;69.246951;40.805776, 69.246951;Ачмайли;село;0.4;39.9;Букинский район;2059;0;0;0;0;5.0;0;0;39.6;0;;рекомендуемая;2 из 3;https://www.google.com/maps?q=40.805776,69.246951
30–60 км;17;60;41.601553;69.87878;41.601553, 69.878780;Каранккуль;село;0.1;40.0;Бостанлыкский район;1524;0;0;0;0;5.0;0;0;147.5;0;;рекомендуемая;2 из 3;https://www.google.com/maps?q=41.601553,69.878780
30–60 км;46;48;40.964208;68.862195;40.964208, 68.862195;Алмазар;село;0.7;40.0;Чиназский район;3416;0;0;0;1;5.0;0;0;59.7;0;;рекомендуемая;3 из 3;https://www.google.com/maps?q=40.964208,68.862195
30–60 км;28;55;40.806913;69.184213;40.806913, 69.184213;Бука;город;1.7;40.2;Букинский район;4987;1;0;0;5;5.0;0;0;39.6;0;;рекомендуемая;3 из 3;https://www.google.com/maps?q=40.806913,69.184213
30–60 км;27;56;40.862328;68.934483;40.862328, 68.934483;Дустабад (Солдатский);город;0.7;41.7;Куйичирчикский район;2450;1;0;0;3;5.0;0;0;63.5;0;;рекомендуемая;3 из 3;https://www.google.com/maps?q=40.862328,68.934483
30–60 км;19;58;40.85233;68.918545;40.852330, 68.918545;Дустабад (Солдатский);город;1.1;43.4;Куйичирчикский район;3338;1;0;0;3;5.0;0;0;63.5;0;;рекомендуемая;3 из 3;https://www.google.com/maps?q=40.852330,68.918545
30–60 км;51;45;40.811633;69.007808;40.811633, 69.007808;Зафар;село;0.4;43.7;Аккурганский район;1613;0;0;0;0;5.0;0;0;40.3;0;;рекомендуемая;2 из 3;https://www.google.com/maps?q=40.811633,69.007808
30–60 км;40;49;40.911799;68.825655;40.911799, 68.825655;Кушек;село;0.2;43.8;Куйичирчикский район;1471;0;0;0;0;5.0;0;0;63.5;0;;рекомендуемая;2 из 3;https://www.google.com/maps?q=40.911799,68.825655
30–60 км;16;60;40.951358;68.806869;40.951358, 68.806869;Янги хаёт;село;0.2;43.9;Чиназский район;2189;0;0;0;0;5.0;0;0;59.7;0;;рекомендуемая;2 из 3;https://www.google.com/maps?q=40.951358,68.806869
30–60 км;45;48;40.957099;68.763749;40.957099, 68.763749;Гульзарабад;село;0.0;45.6;Чиназский район;1420;3;0;0;5;5.0;0;0;59.7;0;;рекомендуемая;3 из 3;https://www.google.com/maps?q=40.957099,68.763749
30–60 км;29;54;40.939688;68.786965;40.939688, 68.786965;Чиназ;город;2.0;45.9;Чиназский район;1815;3;0;0;5;5.0;0;0;59.7;0;;рекомендуемая;3 из 3;https://www.google.com/maps?q=40.939688,68.786965
30–60 км;42;49;41.622198;69.947261;41.622198, 69.947261;Чинаркент;село;0.2;46.1;Бостанлыкский район;837;3;5;3;0;5.0;2;937;147.5;1;140;рекомендуемая;3 из 3;https://www.google.com/maps?q=41.622198,69.947261
30–60 км;50;47;40.971436;69.968012;40.971436, 69.968012;Увак;село;0.2;47.0;Ахангаранский район;1534;0;0;0;0;5.0;0;0;55.2;0;;рекомендуемая;2 из 3;https://www.google.com/maps?q=40.971436,69.968012
30–60 км;55;43;40.830681;68.882726;40.830681, 68.882726;Дустлик;село;0.2;47.1;Куйичирчикский район;1279;0;0;0;0;5.0;0;0;63.5;0;;рекомендуемая;2 из 3;https://www.google.com/maps?q=40.830681,68.882726
30–60 км;20;57;40.954014;68.740099;40.954014, 68.740099;Яллама;село;0.0;47.2;Чиназский район;2033;3;0;0;5;5.0;0;0;59.7;0;;рекомендуемая;3 из 3;https://www.google.com/maps?q=40.954014,68.740099
30–60 км;13;61;40.905539;68.786238;40.905539, 68.786238;Курганча;село;0.6;49.0;Куйичирчикский район;2059;0;0;0;0;5.0;0;0;63.5;0;;рекомендуемая;2 из 3;https://www.google.com/maps?q=40.905539,68.786238
30–60 км;34;52;40.769659;68.963642;40.769659, 68.963642;Хамзаабад;село;0.2;49.5;Аккурганский район;1976;0;0;0;0;5.0;0;0;40.3;0;;рекомендуемая;2 из 3;https://www.google.com/maps?q=40.769659,68.963642
30–60 км;1;78;41.669921;69.95719;41.669921, 69.957190;Хумсан;село;0.6;49.6;Бостанлыкский район;2001;0;0;0;0;5.0;3;1260;147.5;0;;рекомендуемая;2 из 3;https://www.google.com/maps?q=41.669921,69.957190
30–60 км;41;49;41.005644;70.036383;41.005644, 70.036383;Иккитал;село;0.3;50.0;Ахангаранский район;1862;1;1;0;2;5.0;0;0;55.2;0;;рекомендуемая;3 из 3;https://www.google.com/maps?q=41.005644,70.036383
30–60 км;30;54;40.918102;68.74329;40.918102, 68.743290;Янги Чиназ;село;2.5;50.1;Чиназский район;1784;3;0;0;5;5.0;0;0;59.7;0;;рекомендуемая;3 из 3;https://www.google.com/maps?q=40.918102,68.743290
30–60 км;49;47;41.56229;70.016367;41.562290, 70.016367;Чимган;город;0.3;50.1;Бостанлыкский район;1135;0;0;0;0;5.0;0;0;147.5;0;;рекомендуемая;2 из 3;https://www.google.com/maps?q=41.562290,70.016367
30–60 км;53;44;40.940787;68.708387;40.940787, 68.708387;Эркин;село;0.6;50.1;Чиназский район;1357;0;0;0;0;5.0;0;0;59.7;0;;рекомендуемая;2 из 3;https://www.google.com/maps?q=40.940787,68.708387
30–60 км;21;57;40.98193;70.027506;40.981930, 70.027506;Гульбог;село;0.3;50.6;Ахангаранский район;2111;0;0;0;0;5.0;0;0;55.2;0;;рекомендуемая;2 из 3;https://www.google.com/maps?q=40.981930,70.027506
30–60 км;43;48;40.854323;68.785148;40.854323, 68.785148;Гул;село;0.5;50.8;Куйичирчикский район;1430;0;0;0;0;5.0;0;0;63.5;0;;рекомендуемая;2 из 3;https://www.google.com/maps?q=40.854323,68.785148
30–60 км;18;58;41.120414;70.096497;41.120414, 70.096497;Янгиабад;город;0.2;51.0;Ахангаранский район;2298;0;0;0;0;5.0;0;0;55.2;0;;рекомендуемая;2 из 3;https://www.google.com/maps?q=41.120414,70.096497
30–60 км;24;56;41.059111;70.085957;41.059111, 70.085957;Янгиабад-2;район города;0.5;51.5;Ахангаранский район;2043;0;0;0;0;5.0;0;0;55.2;0;;рекомендуемая;2 из 3;https://www.google.com/maps?q=41.059111,70.085957
30–60 км;8;64;41.04022;70.089085;41.040220, 70.089085;14 квартал;махалля;0.4;52.5;Ахангаранский район;6421;2;3;1;4;5.0;0;0;55.2;0;;рекомендуемая;3 из 3;https://www.google.com/maps?q=41.040220,70.089085
30–60 км;31;53;40.976114;70.054822;40.976114, 70.054822;Аблык курган;село;0.4;52.9;Ахангаранский район;2688;0;1;0;3;5.0;0;0;55.2;0;;рекомендуемая;3 из 3;https://www.google.com/maps?q=40.976114,70.054822
30–60 км;7;65;41.01088;70.099638;41.010880, 70.099638;квартал 18/19;махалля;0.1;54.5;Ахангаранский район;7145;2;2;1;7;5.0;0;0;55.2;0;;рекомендуемая;3 из 3;https://www.google.com/maps?q=41.010880,70.099638
30–60 км;33;52;41.022127;70.127709;41.022127, 70.127709;квартал 2/5;махалля;2.2;56.2;Ахангаранский район;1799;0;0;0;0;5.0;0;0;55.2;0;;рекомендуемая;2 из 3;https://www.google.com/maps?q=41.022127,70.127709
30–60 км;23;56;40.995002;70.118644;40.995002, 70.118644;Грум;село;0.1;56.7;Ахангаранский район;2018;0;0;0;0;5.0;0;0;55.2;0;;рекомендуемая;2 из 3;https://www.google.com/maps?q=40.995002,70.118644
30–60 км;12;61;41.689737;70.057624;41.689737, 70.057624;Сиджак;село;0.3;57.8;Бостанлыкский район;1602;0;0;0;0;5.0;0;0;147.5;0;;рекомендуемая;2 из 3;https://www.google.com/maps?q=41.689737,70.057624
30–60 км;60;42;41.590904;70.105095;41.590904, 70.105095;Бричмулла;село;0.7;58.0;Бостанлыкский район;1025;0;0;0;0;5.0;0;0;147.5;0;;рекомендуемая;2 из 3;https://www.google.com/maps?q=41.590904,70.105095
30–60 км;5;69;41.61707;70.086341;41.617070, 70.086341;Яккатут;село;0.1;58.3;Бостанлыкский район;1997;0;0;0;0;5.0;0;0;147.5;0;;рекомендуемая;2 из 3;https://www.google.com/maps?q=41.617070,70.086341
30–60 км;15;60;41.604792;70.097745;41.604792, 70.097745;Бричмулла;село;1.0;58.3;Бостанлыкский район;1544;0;0;0;0;5.0;0;0;147.5;0;;рекомендуемая;2 из 3;https://www.google.com/maps?q=41.604792,70.097745
более 60 км;2;42;41.018669;70.194546;41.018669, 70.194546;Джигиристан;село;0.1;61.6;Ахангаранский район;1346;0;0;0;0;5.0;0;0;55.2;0;;рекомендуемая;2 из 3;https://www.google.com/maps?q=41.018669,70.194546
более 60 км;1;61;40.252947;69.246622;40.252947, 69.246622;Янги хаёт;село;0.3;101.3;Бекабадский район;1445;1;2;2;0;5.0;1;960;25.1;0;;рекомендуемая;3 из 3;https://www.google.com/maps?q=40.252947,69.246622
